{
    "auriga_Tesla_P100-PCIE-16GB_1_gpus": {
        "double_inference": {
            "densenet": 140.0189459323883,
            "mnasnet": 25.026530027389526,
            "mobilenet": 17.067742347717285,
            "resnet": 552.1523406770494,
            "shufflenetv2": 21.975388526916504,
            "squeezenet": 37.28895425796509,
            "vgg": 1101.287631392479
        },
        "double_train": {
            "densenet": 330.7020175457001,
            "mnasnet": 73.85513424873352,
            "mobilenet": 54.599573612213135,
            "resnet": 897.0938724941677,
            "shufflenetv2": 52.75309443473816,
            "squeezenet": 66.37213468551636,
            "vgg": 1378.3226001262665
        },
        "float_inference": {
            "densenet": 48.96531105041504,
            "mnasnet": 10.40453314781189,
            "mobilenet": 9.129836559295654,
            "resnet": 49.19861952463786,
            "shufflenetv2": 9.489027261734009,
            "squeezenet": 9.273648262023926,
            "vgg": 38.53254199028015
        },
        "float_train": {
            "densenet": 149.53615307807922,
            "mnasnet": 42.14527606964111,
            "mobilenet": 30.68190574645996,
            "resnet": 160.00368118286133,
            "shufflenetv2": 29.669302701950073,
            "squeezenet": 27.786829471588135,
            "vgg": 123.89037370681763
        },
        "half_inference": {
            "densenet": 44.85118269920349,
            "mnasnet": 10.026347637176514,
            "mobilenet": 9.029378890991211,
            "resnet": 45.96053017510307,
            "shufflenetv2": 9.034368991851807,
            "squeezenet": 7.144055366516113,
            "vgg": 33.57494592666626
        },
        "half_train": {
            "densenet": 150.33807277679443,
            "mnasnet": 42.8388774394989,
            "mobilenet": 36.43453359603882,
            "resnet": 152.84647146860758,
            "shufflenetv2": 34.33926582336426,
            "squeezenet": 24.60315465927124,
            "vgg": 101.48980617523193
        }
    },
    "auriga_Tesla_P100-PCIE-16GB_2_gpus": {
        "double_inference": {
            "densenet": 194.5684826374054,
            "mnasnet": 42.45029330253601,
            "mobilenet": 39.58895444869995,
            "resnet": 626.1928346421985,
            "shufflenetv2": 44.927722215652466,
            "squeezenet": 50.50046443939209,
            "vgg": 1287.0930850505829
        },
        "double_train": {
            "densenet": 414.08782482147217,
            "mnasnet": 101.24356508255005,
            "mobilenet": 82.1251916885376,
            "resnet": 983.9653529061211,
            "shufflenetv2": 80.5953049659729,
            "squeezenet": 83.23365211486816,
            "vgg": 1734.6038341522217
        },
        "float_inference": {
            "densenet": 85.54599285125732,
            "mnasnet": 29.6988308429718,
            "mobilenet": 20.875484943389893,
            "resnet": 75.57465394337973,
            "shufflenetv2": 22.727254629135132,
            "squeezenet": 17.319154739379883,
            "vgg": 93.24570894241333
        },
        "float_train": {
            "densenet": 212.7151370048523,
            "mnasnet": 64.96129870414734,
            "mobilenet": 60.41036128997803,
            "resnet": 203.08281686570913,
            "shufflenetv2": 58.678187131881714,
            "squeezenet": 32.61635065078735,
            "vgg": 218.55966746807098
        },
        "half_inference": {
            "densenet": 90.36360025405884,
            "mnasnet": 31.763731241226196,
            "mobilenet": 30.66983461380005,
            "resnet": 69.60999170939128,
            "shufflenetv2": 33.3612596988678,
            "squeezenet": 19.357357025146484,
            "vgg": 68.68233263492584
        },
        "half_train": {
            "densenet": 214.5291566848755,
            "mnasnet": 69.49218034744263,
            "mobilenet": 69.77920770645142,
            "resnet": 196.12414466010196,
            "shufflenetv2": 68.52793455123901,
            "squeezenet": 37.191832065582275,
            "vgg": 158.5495275259018
        }
    },
    "bell_Device_66a1_1_gpus": {
        "double_inference": {
            "densenet": 316.8847966194153,
            "mnasnet": 28.648505210876465,
            "mobilenet": 27.99855947494507,
            "resnet": 305.5562331941393,
            "shufflenetv2": 23.951797485351562,
            "squeezenet": 21.429717540740967,
            "vgg": 125.20563900470734
        },
        "double_train": {
            "densenet": 654.9116551876068,
            "mnasnet": 179.58893418312073,
            "mobilenet": 137.6013994216919,
            "resnet": 909.5807944403754,
            "shufflenetv2": 99.9072790145874,
            "squeezenet": 112.62930870056152,
            "vgg": 583.9966410398483
        },
        "float_inference": {
            "densenet": 34.63928818702698,
            "mnasnet": 7.776339054107666,
            "mobilenet": 7.6856255531311035,
            "resnet": 34.36830467647976,
            "shufflenetv2": 8.357728719711304,
            "squeezenet": 7.168233394622803,
            "vgg": 25.711756348609924
        },
        "float_train": {
            "densenet": 114.90868926048279,
            "mnasnet": 26.11082434654236,
            "mobilenet": 22.65042543411255,
            "resnet": 108.85255495707196,
            "shufflenetv2": 25.928783416748047,
            "squeezenet": 17.15292453765869,
            "vgg": 76.737100481987
        },
        "half_inference": {
            "densenet": 33.63225340843201,
            "mnasnet": 7.506153583526611,
            "mobilenet": 6.849842071533203,
            "resnet": 24.728663232591416,
            "shufflenetv2": 8.310108184814453,
            "squeezenet": 5.69049596786499,
            "vgg": 16.818729639053345
        },
        "half_train": {
            "densenet": 112.36708760261536,
            "mnasnet": 25.157713890075684,
            "mobilenet": 22.833921909332275,
            "resnet": 89.24880716535782,
            "shufflenetv2": 24.894065856933594,
            "squeezenet": 14.822020530700684,
            "vgg": 67.20055162906647
        }
    },
    "draco_Tesla_V100S-PCIE-32GB_1_gpus": {
        "double_inference": {
            "densenet": 70.84471583366394,
            "mnasnet": 12.123184204101562,
            "mobilenet": 9.648208618164062,
            "resnet": 276.49086369408496,
            "shufflenetv2": 12.305467128753662,
            "squeezenet": 17.997653484344482,
            "vgg": 571.8338352441788
        },
        "double_train": {
            "densenet": 193.33027362823486,
            "mnasnet": 43.207842111587524,
            "mobilenet": 32.760863304138184,
            "resnet": 444.38071409861243,
            "shufflenetv2": 32.114715576171875,
            "squeezenet": 37.085866928100586,
            "vgg": 764.4863361120224
        },
        "float_inference": {
            "densenet": 21.28895401954651,
            "mnasnet": 4.822657108306885,
            "mobilenet": 5.1215362548828125,
            "resnet": 22.13073306613498,
            "shufflenetv2": 5.542310476303101,
            "squeezenet": 3.767247200012207,
            "vgg": 17.838369607925415
        },
        "float_train": {
            "densenet": 77.99254536628723,
            "mnasnet": 20.431382656097412,
            "mobilenet": 18.839116096496582,
            "resnet": 76.01792176564534,
            "shufflenetv2": 18.76789093017578,
            "squeezenet": 10.656650066375732,
            "vgg": 54.20496046543121
        },
        "half_inference": {
            "densenet": 17.587202787399292,
            "mnasnet": 5.106408596038818,